id,name,hex,r,g,b,is_trans
-1,[Unknown],#0033B2,0,51,178,False
0,Black,#05131D,5,19,29,False
1,Blue,#0055BF,0,85,191,False
2,Green,#237841,35,120,65,False
3,Dark Turquoise,#008F9B,0,143,155,False
4,Red,#C91A09,201,26,9,False
5,Dark Pink,#C870A0,200,112,160,False
6,Brown,#583927,88,57,39,False
7,Light Gray,#9BA19D,155,161,157,False
8,Dark Gray,#6D6E5C,109,110,92,False
9,Light Blue,#B4D2E3,180,210,227,False
10,Bright Green,#4B9F4A,75,159,74,False
11,Light Turquoise,#55A5AF,85,165,175,False
12,Salmon,#F2705E,242,112,94,False
13,Pink,#FC97AC,252,151,172,False
14,Yellow,#F2CD37,242,205,55,False
15,White,#FFFFFF,255,255,255,False
17,Light Green,#C2DAB8,194,218,184,False
18,Light Yellow,#FBE696,251,230,150,False
19,Tan,#E4CD9E,228,205,158,False
20,Light Violet,#C9CAE2,201,202,226,False
21,Glow In Dark Opaque,#D4D5C9,212,213,201,False
22,Purple,#81007B,129,0,123,False
23,Dark Blue-Violet,#2032B0,32,50,176,False
25,Orange,#FE8A18,254,138,24,False
26,Magenta,#923978,146,57,120,False
27,Lime,#BBE90B,187,233,11,False
28,Dark Tan,#958A73,149,138,115,False
29,Bright Pink,#E4ADC8,228,173,200,False
30,Medium Lavender,#AC78BA,172,120,186,False
31,Lavender,#E1D5ED,225,213,237,False
32,Trans-Black IR Lens,#635F52,99,95,82,True
33,Trans-Dark Blue,#0020A0,0,32,160,True
34,Trans-Green,#84B68D,132,182,141,True
35,Trans-Bright Green,#D9E4A7,217,228,167,True
36,Trans-Red,#C91A09,201,26,9,True
40,Trans-Brown,#635F52,99,95,82,True
41,Trans-Light Blue,#AEEFEC,174,239,236,True
42,Trans-Neon Green,#F8F184,248,241,132,True
43,Trans-Very Lt Blue,#C1DFF0,193,223,240,True
45,Trans-Dark Pink,#DF6695,223,102,149,True
46,Trans-Yellow,#F5CD2F,245,205,47,True
47,Trans-Clear,#FCFCFC,252,252,252,True
52,Trans-Purple,#A5A5CB,165,165,203,True
54,Trans-Neon Yellow,#DAB000,218,176,0,True
57,Trans-Neon Orange,#FF800D,255,128,13,True
60,Chrome Antique Brass,#645A4C,100,90,76,False
61,Chrome Blue,#6C96BF,108,150,191,False
62,Chrome Green,#3CB371,60,179,113,False
63,Chrome Pink,#AA4D8E,170,77,142,False
64,Chrome Black,#1B2A34,27,42,52,False
68,Very Light Orange,#F3CF9B,243,207,155,False
69,Light Purple,#CD6298,205,98,152,False
70,Reddish Brown,#582A12,88,42,18,False
71,Light Bluish Gray,#A0A5A9,160,165,169,False
72,Dark Bluish Gray,#6C6E68,108,110,104,False
73,Medium Blue,#5A93DB,90,147,219,False
74,Medium Green,#73DCA1,115,220,161,False
75,Speckle Black-Copper,#05131D,5,19,29,False
76,Speckle DBGray-Silver,#6C6E68,108,110,104,False
77,Light Pink,#FECCCF,254,204,207,False
78,Light Nougat,#F6D7B3,246,215,179,False
79,Milky White,#FFFFFF,255,255,255,False
80,Metallic Silver,#A5A9B4,165,169,180,False
81,Metallic Green,#899B5F,137,155,95,False
82,Metallic Gold,#DBAC34,219,172,52,False
84,Medium Nougat,#AA7D55,170,125,85,False
85,Dark Purple,#3F3691,63,54,145,False
86,Light Brown,#7C503A,124,80,58,False
89,Royal Blue,#4C61DB,76,97,219,False
92,Nougat,#D09168,208,145,104,False
100,Light Salmon,#FEBABD,254,186,189,False
110,Violet,#4354A3,67,84,163,False
112,Medium Bluish Violet,#6874CA,104,116,202,False
114,Glitter Trans-Dark Pink,#DF6695,223,102,149,True
115,Medium Lime,#C7D23C,199,210,60,False
117,Glitter Trans-Clear,#FFFFFF,255,255,255,True
118,Aqua,#B3D7D1,179,215,209,False
120,Light Lime,#D9E4A7,217,228,167,False
125,Light Orange,#F9BA61,249,186,97,False
129,Glitter Trans-Purple,#A5A5CB,165,165,203,True
132,Speckle Black-Silver,#05131D,5,19,29,False
133,Speckle Black-Gold,#05131D,5,19,29,False
134,Copper,#AE7A59,174,122,89,False
135,Pearl Light Gray,#9CA3A8,156,163,168,False
137,Pearl Sand Blue,#7988A1,121,136,161,False
142,Pearl Light Gold,#DCBC81,220,188,129,False
143,Trans-Medium Blue,#CFE2F7,207,226,247,True
148,Pearl Dark Gray,#575857,87,88,87,False
150,Pearl Very Light Gray,#ABADAC,171,173,172,False
151,Very Light Bluish Gray,#E6E3E0,230,227,224,False
158,Yellowish Green,#DFEEA5,223,238,165,False
178,Flat Dark Gold,#B48455,180,132,85,False
179,Flat Silver,#898788,137,135,136,False
182,Trans-Orange,#F08F1C,240,143,28,True
183,Pearl White,#F2F3F2,242,243,242,False
191,Bright Light Orange,#F8BB3D,248,187,61,False
212,Bright Light Blue,#9FC3E9,159,195,233,False
216,Rust,#B31004,179,16,4,False
226,Bright Light Yellow,#FFF03A,255,240,58,False
230,Trans-Pink,#E4ADC8,228,173,200,True
232,Sky Blue,#7DBFDD,125,191,221,False
236,Trans-Light Purple,#96709F,150,112,159,True
272,Dark Blue,#0A3463,10,52,99,False
288,Dark Green,#184632,24,70,50,False
294,Glow In Dark Trans,#BDC6AD,189,198,173,True
297,Pearl Gold,#AA7F2E,170,127,46,False
308,Dark Brown,#352100,53,33,0,False
313,Maersk Blue,#3592C3,53,146,195,False
320,Dark Red,#720E0F,114,14,15,False
321,Dark Azure,#078BC9,7,139,201,False
322,Medium Azure,#36AEBF,54,174,191,False
323,Light Aqua,#ADC3C0,173,195,192,False
326,Olive Green,#9B9A5A,155,154,90,False
334,Chrome Gold,#BBA53D,187,165,61,False
335,Sand Red,#D67572,214,117,114,False
351,Medium Dark Pink,#F785B1,247,133,177,False
366,Earth Orange,#FA9C1C,250,156,28,False
373,Sand Purple,#845E84,132,94,132,False
378,Sand Green,#A0BCAC,160,188,172,False
379,Sand Blue,#6074A1,96,116,161,False
383,Chrome Silver,#E0E0E0,224,224,224,False
450,Fabuland Brown,#B67B50,182,123,80,False
462,Medium Orange,#FFA70B,255,167,11,False
484,Dark Orange,#A95500,169,85,0,False
503,Very Light Gray,#E6E3DA,230,227,218,False
1000,Glow in Dark White,#D9D9D9,217,217,217,False
1001,Medium Violet,#9391E4,147,145,228,False
1002,Glitter Trans-Neon Green,#C0F500,192,245,0,True
1003,Glitter Trans-Light Blue,#68BCC5,104,188,197,True
1004,Trans-Flame Yellowish Orange,#FCB76D,252,183,109,True
1005,Trans-Fire Yellow,#FBE890,251,232,144,True
1006,Trans-Light Royal Blue,#B4D4F7,180,212,247,True
1007,Reddish Lilac,#8E5597,142,85,151,False
1008,Vintage Blue,#039CBD,3,156,189,False
1009,Vintage Green,#1E601E,30,96,30,False
1010,Vintage Red,#CA1F08,202,31,8,False
1011,Vintage Yellow,#F3C305,243,195,5,False
1012,Fabuland Orange,#EF9121,239,145,33,False
1013,Modulex White,#F4F4F4,244,244,244,False
1014,Modulex Light Bluish Gray,#AFB5C7,175,181,199,False
1015,Modulex Light Gray,#9C9C9C,156,156,156,False
1016,Modulex Charcoal Gray,#595D60,89,93,96,False
1017,Modulex Tile Gray,#6B5A5A,107,90,90,False
1018,Modulex Black,#4D4C52,77,76,82,False
1019,Modulex Tile Brown,#330000,51,0,0,False
1020,Modulex Terracotta,#5C5030,92,80,48,False
1021,Modulex Brown,#907450,144,116,80,False
1022,Modulex Buff,#DEC69C,222,198,156,False
1023,Modulex Red,#B52C20,181,44,32,False
1024,Modulex Pink Red,#F45C40,244,92,64,False
1025,Modulex Orange,#F47B30,244,123,48,False
1026,Modulex Light Orange,#F7AD63,247,173,99,False
1027,Modulex Light Yellow,#FFE371,255,227,113,False
1028,Modulex Ochre Yellow,#FED557,254,213,87,False
1029,Modulex Lemon,#BDC618,189,198,24,False
1030,Modulex Pastel Green,#7DB538,125,181,56,False
1031,Modulex Olive Green,#7C9051,124,144,81,False
1032,Modulex Aqua Green,#27867E,39,134,126,False
1033,Modulex Teal Blue,#467083,70,112,131,False
1034,Modulex Tile Blue,#0057A6,0,87,166,False
1035,Modulex Medium Blue,#61AFFF,97,175,255,False
1036,Modulex Pastel Blue,#68AECE,104,174,206,False
1037,Modulex Violet,#BD7D85,189,125,133,False
1038,Modulex Pink,#F785B1,247,133,177,False
1039,Modulex Clear,#FFFFFF,255,255,255,False
1040,Modulex Foil Dark Gray,#595D60,89,93,96,False
1041,Modulex Foil Light Gray,#9C9C9C,156,156,156,False
1042,Modulex Foil Dark Green,#006400,0,100,0,False
1043,Modulex Foil Light Green,#7DB538,125,181,56,False
1044,Modulex Foil Dark Blue,#0057A6,0,87,166,False
1045,Modulex Foil Light Blue,#68AECE,104,174,206,False
1046,Modulex Foil Violet,#4B0082,75,0,130,False
1047,Modulex Foil Red,#8B0000,139,0,0,False
1048,Modulex Foil Yellow,#FED557,254,213,87,False
1049,Modulex Foil Orange,#F7AD63,247,173,99,False
1050,Coral,#FF698F,255,105,143,False
1051,Pastel Blue,#5AC4DA,90,196,218,False
1052,Glitter Trans-Orange,#F08F1C,240,143,28,True
1053,Opal Trans-Light Blue,#68BCC5,104,188,197,True
1054,Opal Trans-Dark Pink,#CE1D9B,206,29,155,True
1055,Opal Trans-Clear,#FCFCFC,252,252,252,True
1056,Opal Trans-Brown,#583927,88,57,39,True
1057,Trans-Light Bright Green,#C9E788,201,231,136,True
1058,Trans-Light Green,#94E5AB,148,229,171,True
1059,Opal Trans-Purple,#8320B7,131,32,183,True
1060,Opal Trans-Bright Green,#84B68D,132,182,141,True
1061,Opal Trans-Dark Blue,#0020A0,0,32,160,True
1062,Vibrant Yellow,#EBD800,235,216,0,False
1063,Pearl Copper,#B46A00,180,106,0,False
1064,Fabuland Red,#FF8014,255,128,20,False
1065,Reddish Gold,#AC8247,172,130,71,False
1066,Curry,#DD982E,221,152,46,False
1067,Dark Nougat,#AD6140,173,97,64,False
1068,Bright Reddish Orange,#EE5434,238,84,52,False
1069,Pearl Red,#D60026,214,0,38,False
1070,Pearl Blue,#0059A3,0,89,163,False
1071,Pearl Green,#008E3C,0,142,60,False
1072,Pearl Brown,#57392C,87,57,44,False
1073,Pearl Black,#0A1327,10,19,39,False
1074,Duplo Blue,#009ECE,0,158,206,False
1075,Duplo Medium Blue,#3E95B6,62,149,182,False
1076,Duplo Lime,#FFF230,255,242,48,False
1077,Fabuland Lime,#78FC78,120,252,120,False
1078,Duplo Medium Green,#468A5F,70,138,95,False
1079,Duplo Light Green,#60BA76,96,186,118,False
1080,Light Tan,#F3C988,243,201,136,False
1081,Rust Orange,#872B17,135,43,23,False
1082,Clikits Pink,#FE78B0,254,120,176,False
1083,Two-tone Copper,#945148,148,81,72,False
1084,Two-tone Gold,#AB673A,171,103,58,False
1085,Two-tone Silver,#737271,115,114,113,False
1086,Pearl Lime,#6A7944,106,121,68,False
1087,Duplo Pink,#FF879C,255,135,156,False
1088,Medium Brown,#755945,117,89,69,False
1089,Warm Tan,#CCA373,204,163,115,False
1090,Duplo Turquoise,#3FB69E,63,182,158,False
1091,Warm Yellowish Orange,#FFCB78,255,203,120,False
1092,Metallic Copper,#764D3B,118,77,59,False
1093,Light Lilac,#9195CA,145,149,202,False
1094,Trans-Medium Purple,#8D73B3,141,115,179,False
1095,Trans-Black,#635F52,99,95,82,True
1096,Glitter Trans-Bright Green,#D9E4A7,217,228,167,True
1097,Glitter Trans-Medium Purple,#8D73B3,141,115,179,True
1098,Glitter Trans-Green,#84B68D,132,182,141,True
1099,Glitter Trans-Pink,#E4ADC8,228,173,200,True
1100,Clikits Yellow,#FFCF0B,255,207,11,False
1101,Duplo Dark Purple,#5F27AA,95,39,170,False
1102,Trans-Neon Red,#FF0040,255,0,64,True
1103,Pearl Titanium,#3E3C39,62,60,57,False
1104,HO Aqua,#B3D7D1,179,215,209,False
1105,HO Azure,#1591CB,21,145,203,False
1106,HO Blue-gray,#354E5A,53,78,90,False
1107,HO Cyan,#5B98B3,91,152,179,False
1108,HO Dark Aqua,#A7DCCF,167,220,207,False
1109,HO Dark Blue,#0A3463,10,52,99,False
1110,HO Dark Gray,#6D6E5C,109,110,92,False
1111,HO Dark Green,#184632,24,70,50,False
1112,HO Dark Lime,#B2B955,178,185,85,False
1113,HO Dark Red,#631314,99,19,20,False
1114,HO Dark Sand Green,#627A62,98,122,98,False
1115,HO Dark Turquoise,#10929D,16,146,157,False
1116,HO Earth Orange,#BB771B,187,119,27,False
1117,HO Gold,#B4A774,180,167,116,False
1118,HO Light Aqua,#A3D1C0,163,209,192,False
1119,HO Light Brown,#965336,150,83,54,False
1120,HO Light Gold,#CDC298,205,194,152,False
1121,HO Light Tan,#F9F1C7,249,241,199,False
1122,HO Light Yellow,#F5FAB7,245,250,183,False
1123,HO Medium Blue,#7396C8,115,150,200,False
1124,HO Medium Red,#C01111,192,17,17,False
1125,HO Metallic Blue,#0D4763,13,71,99,False
1126,HO Metallic Dark Gray,#5E5E5E,94,94,94,False
1127,HO Metallic Green,#879867,135,152,103,False
1128,HO Metallic Sand Blue,#5F7D8C,95,125,140,False
1129,HO Olive Green,#9B9A5A,155,154,90,False
1130,HO Rose,#D06262,208,98,98,False
1131,HO Sand Blue,#6E8AA6,110,138,166,False
1132,HO Sand Green,#A0BCAC,160,188,172,False
1133,HO Tan,#E4CD9E,228,205,158,False
1134,HO Titanium,#616161,97,97,97,False
1135,Metal,#A5ADB4,165,173,180,False
1136,Reddish Orange,#CA4C0B,202,76,11,False
1137,Sienna Brown,#915C3C,145,92,60,False
1138,Umber Brown,#5E3F33,94,63,51,False
1139,Opal Trans-Yellow,#F5CD2F,245,205,47,True
1140,Neon Orange,#EC4612,236,70,18,False
1141,Neon Green,#D2FC43,210,252,67,False
1142,Dark Olive Green,#5D5C36,93,92,54,False
1143,Glitter Milky White,#FFFFFF,255,255,255,False
1144,Chrome Red,#CE3021,206,48,33,False
1145,Ochre Yellow,#DD9E47,221,158,71,False
1146,Warm Pink,#F6B7BF,246,183,191,False
1147,Blue Violet,#A3A9FF,163,169,255,False
9999,[No Color/Any Color],#05131D,5,19,29,False
